{"cameraMode":{"drawMode":0,"name":"Shaded","section":"Shading Mode"},"sceneLighting":true,"audioPlay":false,"sceneViewState":{"m_AlwaysRefresh":false,"showFog":true,"showSkybox":true,"showFlares":true,"showImageEffects":true,"showParticleSystems":true,"showVisualEffectGraphs":true,"m_FxEnabled":true},"in2DMode":false,"pivot":{"x":1185.314697265625,"y":600.4156494140625,"z":-12.73321533203125},"rotation":{"x":-0.019498564302921296,"y":-0.004499128554016352,"z":-0.0000877441925695166,"w":0.9997997879981995},"size":699.3851318359375,"orthographic":true}