{"cameraMode":{"drawMode":0,"name":"Shaded","section":"Shading Mode"},"sceneLighting":true,"audioPlay":false,"sceneViewState":{"m_AlwaysRefresh":false,"showFog":true,"showSkybox":true,"showFlares":true,"showImageEffects":true,"showParticleSystems":true,"showVisualEffectGraphs":true,"m_FxEnabled":true},"in2DMode":false,"pivot":{"x":-0.2582591772079468,"y":-0.26116251945495608,"z":5.018449783325195},"rotation":{"x":0.14777353405952454,"y":-0.048935189843177798,"z":0.007320762611925602,"w":0.9877821207046509},"size":7.199193954467773,"orthographic":false}