{"cameraMode":{"drawMode":0,"name":"Shaded","section":"Shading Mode"},"sceneLighting":false,"audioPlay":false,"sceneViewState":{"m_AlwaysRefresh":false,"showFog":true,"showSkybox":true,"showFlares":true,"showImageEffects":true,"showParticleSystems":true,"showVisualEffectGraphs":true,"m_FxEnabled":true},"in2DMode":false,"pivot":{"x":-0.7189608812332153,"y":0.1354386806488037,"z":1.0522055625915528},"rotation":{"x":0.3000272810459137,"y":0.08570075780153275,"z":-0.027087226510047914,"w":0.9496895670890808},"size":4.2087836265563969,"orthographic":true}