{"cameraMode":{"drawMode":0,"name":"Shaded","section":"Shading Mode"},"sceneLighting":true,"audioPlay":false,"sceneViewState":{"m_AlwaysRefresh":false,"showFog":true,"showSkybox":true,"showFlares":true,"showImageEffects":true,"showParticleSystems":true,"showVisualEffectGraphs":true,"m_FxEnabled":true},"in2DMode":false,"pivot":{"x":-0.8464129567146301,"y":0.2787175178527832,"z":0.46724367141723635},"rotation":{"x":0.35362136363983157,"y":-0.016835510730743409,"z":0.006366201676428318,"w":0.9352171421051025},"size":5.043828964233398,"orthographic":false}